post_id,comment_id,comment_body,author,parent_id,parent_type,score,created_utc,cleaned_tokens
1ezbh2v,ljjajn3,"###[meta] sticky comment

[rule 2](https://www.reddit.com/r/conspiracy/wiki/faq#wiki_2_-_address_the_argument.3b_not_the_user.2c_the_mods.2c_or_the_sub.) ***does not apply*** when replying to this stickied comment.  

[rule 2](https://www.reddit.com/r/conspiracy/wiki/faq#wiki_2_-_address_the_argument.3b_not_the_user.2c_the_mods.2c_or_the_sub.) ***does apply*** throughout the rest of this thread.

*what this means*: please keep any ""meta"" discussion directed at specific users, mods, or /r/conspiracy in general in this comment chain ***only.***

*i am a bot, and this action was performed automatically. please [contact the moderators of this subreddit](/message/compose/?to=/r/conspiracy) if you have any questions or concerns.*",AutoModerator,t3_1ezbh2v,t3,1,2024-08-23 22:28:47,"['###meta', 'sticky', 'comment', 'rule', 'apply', 'replying', 'stickied', 'comment', 'rule', 'apply', 'throughout', 'rest', 'thread', 'mean', 'please', 'keep', 'meta', 'discussion', 'directed', 'specific', 'user', 'mod', 'rconspiracy', 'general', 'comment', 'chain', 'bot', 'action', 'performed', 'automatically', 'please', 'contact', 'moderator', 'subredditmessagecomposetorconspiracy', 'question', 'concern']"
1ezbh2v,ljk3dzz,i once asked a.i how to get sugar out of a gas tank and it told me to use a straw and suck it out...,dinahmoon,t3_1ezbh2v,t3,796,2024-08-24 01:15:41,"['asked', 'get', 'sugar', 'gas', 'tank', 'told', 'use', 'straw', 'suck']"
1ezbh2v,ljkwr8b,everyone loves ai when it gives you the answer you want to hear.,Binarydemons,t3_1ezbh2v,t3,160,2024-08-24 03:49:59,"['everyone', 'love', 'give', 'answer', 'want', 'hear']"
1ezbh2v,ljjib43,wow that ai has such an unbiased sounding name,before686entenz,t3_1ezbh2v,t3,643,2024-08-23 23:18:37,"['wow', 'unbiased', 'sounding', 'name']"
1ezbh2v,ljk3hf2,"i don't know, but china confirmed their probes and moon rover showed evidence of the us moon landing. 

seems an odd thing for china to confirm if not true,  and it shows independent evidence not from the us government.  

i guess we could consider the us government and china are working together ?",AccordingWarning9534,t3_1ezbh2v,t3,324,2024-08-24 01:16:11,"['know', 'china', 'confirmed', 'probe', 'moon', 'rover', 'showed', 'evidence', 'moon', 'landing', 'seems', 'odd', 'thing', 'china', 'confirm', 'true', 'show', 'independent', 'evidence', 'government', 'guess', 'could', 'consider', 'government', 'china', 'working', 'together']"
1ezbh2v,ljm6qzh,"here is the censored and biased ai with its ‚Äúfacts‚Äù and ‚Äúlogic‚Äù

>the claim that the moon landing was faked is a conspiracy theory that has been widely debunked. this theory suggests that the u.s. government staged the apollo moon landings to assert dominance during the cold war. however, there is overwhelming evidence that the moon landings were real:

1. **extensive documentation**: the apollo missions were documented in great detail, including thousands of photographs, hours of video footage, and transcripts of communications between the astronauts and mission control. these records have been thoroughly analyzed and confirmed as authentic.

2. **physical evidence**: moon rocks brought back by the apollo missions have been studied by scientists worldwide. these rocks have unique properties that differentiate them from any found on earth, and their origins are consistent with lunar geology.

3. **independent verification**: the soviet union, which was the united states‚Äô main rival during the cold war, closely monitored the apollo missions. if the u.s. had faked the moon landings, the soviets would likely have exposed the deception. instead, they acknowledged the success of the apollo missions.

4. **tracking and observations**: independent observers, including amateur radio operators and astronomers, tracked the apollo missions. the spacecrafts‚Äô trajectories were followed, and signals were received from the astronauts on their way to and from the moon.

5. **laser reflectors**: apollo missions left laser reflectors on the moon, which are still used today to measure the distance between the earth and the moon with high precision. these reflectors could only have been placed by humans.

6. **the number of people involved**: tens of thousands of people worked on the apollo program. to fake such a massive undertaking would require an enormous conspiracy involving engineers, scientists, astronauts, and many others, all keeping silent for decades, which is highly improbable.

while some people may continue to believe in the moon landing conspiracy theory, the evidence supporting the reality of the apollo missions is extensive and conclusive. the moon landings were a genuine achievement of human space exploration.",only-on-the-wknd,t3_1ezbh2v,t3,16,2024-08-24 08:02:28,"['censored', 'biased', 'fact', 'logic', 'claim', 'moon', 'landing', 'faked', 'conspiracy', 'theory', 'widely', 'debunked', 'theory', 'suggests', 'government', 'staged', 'apollo', 'moon', 'landing', 'assert', 'dominance', 'cold', 'war', 'however', 'overwhelming', 'evidence', 'moon', 'landing', 'real', 'extensive', 'documentation', 'apollo', 'mission', 'documented', 'great', 'detail', 'including', 'thousand', 'photograph', 'hour', 'video', 'footage', 'transcript', 'communication', 'astronaut', 'mission', 'control', 'record', 'thoroughly', 'analyzed', 'confirmed', 'authentic', 'physical', 'evidence', 'moon', 'rock', 'brought', 'back', 'apollo', 'mission', 'studied', 'scientist', 'worldwide', 'rock', 'unique', 'property', 'differentiate', 'found', 'earth', 'origin', 'consistent', 'lunar', 'geology', 'independent', 'verification', 'soviet', 'union', 'united', 'state', 'main', 'rival', 'cold', 'war', 'closely', 'monitored', 'apollo', 'mission', 'faked', 'moon', 'landing', 'soviet', 'would', 'likely', 'exposed', 'deception', 'instead', 'acknowledged', 'success', 'apollo', 'mission', 'tracking', 'observation', 'independent', 'observer', 'including', 'amateur', 'radio', 'operator', 'astronomer', 'tracked', 'apollo', 'mission', 'spacecraft', 'trajectory', 'followed', 'signal', 'received', 'astronaut', 'way', 'moon', 'laser', 'reflector', 'apollo', 'mission', 'left', 'laser', 'reflector', 'moon', 'still', 'used', 'today', 'measure', 'distance', 'earth', 'moon', 'high', 'precision', 'reflector', 'could', 'placed', 'human', 'number', 'people', 'involved', 'ten', 'thousand', 'people', 'worked', 'apollo', 'program', 'fake', 'massive', 'undertaking', 'would', 'require', 'enormous', 'conspiracy', 'involving', 'engineer', 'scientist', 'astronaut', 'many', 'others', 'keeping', 'silent', 'decade', 'highly', 'improbable', 'people', 'may', 'continue', 'believe', 'moon', 'landing', 'conspiracy', 'theory', 'evidence', 'supporting', 'reality', 'apollo', 'mission', 'extensive', 'conclusive', 'moon', 'landing', 'genuine', 'achievement', 'human', 'space', 'exploration']"
1ezbh2v,ljjy91c,"because you would want fans running on the mock moon sound stage, right?",Searanth,t3_1ezbh2v,t3,73,2024-08-24 00:48:29,"['would', 'want', 'fan', 'running', 'mock', 'moon', 'sound', 'stage', 'right']"
1ezbh2v,ljk36fb,[removed],,t3_1ezbh2v,t3,92,2024-08-24 01:14:34,['removed']
1ezbh2v,ljlhkj3,"these ai things are **not** 'intelligent' and do not have a clue of the meaning of the words they are writing. these are large language models. word guessing machines. they ‚Äûjust‚Äú calculate the most probable next word after the words before, based on the taught data input.  

**these are not and never will be unbiased truth finding machines!**  thats not even their purpose  

wikipedia is much better in providing truth/facts, even with its flaws.  

**never trust an ai bot you did not train yourself!**",DonChaote,t3_1ezbh2v,t3,9,2024-08-24 05:42:09,"['thing', 'intelligent', 'clue', 'meaning', 'word', 'writing', 'large', 'language', 'model', 'word', 'guessing', 'machine', 'calculate', 'probable', 'next', 'word', 'word', 'based', 'taught', 'data', 'input', 'never', 'unbiased', 'truth', 'finding', 'machine', 'thats', 'even', 'purpose', 'wikipedia', 'much', 'better', 'providing', 'truthfacts', 'even', 'flaw', 'never', 'trust', 'bot', 'train']"
1ezbh2v,ljjpdr8,anybody ever watch the takeoff footage?,RefrigeratorQuiet327,t3_1ezbh2v,t3,39,2024-08-24 00:00:09,"['anybody', 'ever', 'watch', 'takeoff', 'footage']"
1ezbh2v,ljkrguc,you do know these things aren‚Äôt accurate with most of their claims. they don‚Äôt know the answered to the questions but rather predict the next word in a sequence based on what it finds on the internet.,Shlong_Roy,t3_1ezbh2v,t3,6,2024-08-24 03:22:04,"['know', 'thing', 'arent', 'accurate', 'claim', 'dont', 'know', 'answered', 'question', 'rather', 'predict', 'next', 'word', 'sequence', 'based', 'find', 'internet']"
1ezbh2v,ljl9kgq,"well the soviets thought we landed on the moon.

and given that they were tracking our space flights by radar, i'm going to trust their judgement more than i just whatever drug dream just got posted.  look up the legal concept of a hostile witness if you have any questions.

ai can have their opinions curated.",LilShaver,t3_1ezbh2v,t3,6,2024-08-24 04:58:23,"['well', 'soviet', 'thought', 'landed', 'moon', 'given', 'tracking', 'space', 'flight', 'radar', 'going', 'trust', 'judgement', 'whatever', 'drug', 'dream', 'got', 'posted', 'look', 'legal', 'concept', 'hostile', 'witness', 'question', 'opinion', 'curated']"
1ezbh2v,ljkrrix,"i remember a whyfiles video about the moon landing. the way the show works is he gives all the conspiracy angles at the beginning and then in the last 5 to 10 minutes he kinda ""debunks"" them all.

stuff like the shadows and the flag and then says why that stuff was actually all normal and we really did go.

one of the other reasons he says it's fake was the van allen belt radiation. we couldn't get through that without dying. funny enough at the end of that episode when he normally ""debunks"" all the other stuff like the flag and shadows and says we probably did go he never addressed the van allen belt radiation. never said a reason like ""this is why they could get through the radiation unharmed..."" nope, just never mentioned that again.

to be clear, i do like the why files and will continue to watch them but i did find that odd. and of course the fish is hilarious!!!",crash6871,t3_1ezbh2v,t3,15,2024-08-24 03:23:38,"['remember', 'whyfiles', 'video', 'moon', 'landing', 'way', 'show', 'work', 'give', 'conspiracy', 'angle', 'beginning', 'last', 'minute', 'kinda', 'debunks', 'stuff', 'like', 'shadow', 'flag', 'say', 'stuff', 'actually', 'normal', 'really', 'one', 'reason', 'say', 'fake', 'van', 'allen', 'belt', 'radiation', 'get', 'without', 'dying', 'funny', 'enough', 'end', 'episode', 'normally', 'debunks', 'stuff', 'like', 'flag', 'shadow', 'say', 'probably', 'never', 'addressed', 'van', 'allen', 'belt', 'radiation', 'never', 'said', 'reason', 'like', 'could', 'get', 'radiation', 'unharmed', 'nope', 'never', 'mentioned', 'clear', 'like', 'file', 'continue', 'watch', 'find', 'odd', 'course', 'fish', 'hilarious']"
1ezbh2v,ljjyhdf,"definitely landed on the moon. there are reflectors left there for measurement purposes that we can shine lasers at. also there are pictures of the apollo 11 site from the flyby of china or someone that's fairly recent. 

that said, some of the official nasa photos/video seem to have a lot of discrepancies. i believe they used footage and pictures from their training/practicing and passed them off as genuine.",,t3_1ezbh2v,t3,94,2024-08-24 00:49:42,"['definitely', 'landed', 'moon', 'reflector', 'left', 'measurement', 'purpose', 'shine', 'laser', 'also', 'picture', 'apollo', 'site', 'flyby', 'china', 'someone', ""that's"", 'fairly', 'recent', 'said', 'official', 'nasa', 'photosvideo', 'seem', 'lot', 'discrepancy', 'believe', 'used', 'footage', 'picture', 'trainingpracticing', 'passed', 'genuine']"
1ezbh2v,ljmdai9,"you can get ai to say anything you want. i put this post into chat-gpt and it said this:

the claim that the moon landings were faked is a well-known conspiracy theory that has been debunked through a combination of scientific evidence, historical documentation, and expert analysis. here‚Äôs a detailed examination of the points presented in the story and why they are incorrect:

### 1. the fluttering flag

**claim:** the flag on the moon appears to flutter, which should not happen in the vacuum of space.

**counterpoint:** the flag appears to flutter because of the way it was handled. in the vacuum of space, there is no air resistance, so when astronauts twisted the flagpole to plant it, the flag's fabric moved and continued to ripple due to inertia. furthermore, the flag was designed with a horizontal bar to keep it extended. the apparent fluttering effect is consistent with the flag's design and the way it was manipulated.

### 2. absence of stars in photographs

**claim:** the absence of stars in moon photographs suggests they were taken in a studio with controlled lighting.

**counterpoint:** the reason stars do not appear in moon photographs is due to the camera settings. the cameras used on the lunar surface had short exposure times to capture the brightly lit lunar surface and astronauts in the sunlight. stars are much dimmer compared to the lunar surface, so their light would not be captured with such short exposure settings. this is a standard photographic principle and not evidence of a hoax.

### 3. inconsistent shadows

**claim:** shadows cast by astronauts and equipment seem inconsistent, suggesting multiple light sources typical of a studio.

**counterpoint:** the apparent inconsistency in shadows is due to the uneven lunar surface and the way sunlight interacts with it. the moon‚Äôs surface is covered with craters and rocks, which can cause shadows to appear at different angles. additionally, the lack of atmospheric scattering on the moon means that shadows can be sharper and more varied than on earth. analysis of the shadows and the geometry involved supports the authenticity of the photos.

### 4. deleted telemetry data

**claim:** telemetry data was intentionally deleted, suggesting a cover-up.

**counterpoint:** the original telemetry tapes were overwritten in the 1980s due to limited storage capacity and the need for new data recording. this was a common practice at the time and not part of a deliberate cover-up. additionally, the mission data and telemetry have been extensively documented through various other sources, including ground tracking stations, telemetry reports, and mission records.

### 5. whistleblower accounts

**claim:** some astronauts have supposedly provided whistleblower accounts claiming they never went to the moon.

**counterpoint:** there are no credible whistleblower accounts from astronauts. all twelve apollo moonwalkers have consistently affirmed their missions. claims of astronauts alleging a hoax are either based on misunderstandings or deliberate misinformation. nasa and other space agencies have provided extensive evidence, including rock samples and telemetry data, that confirm the moon landings.

### 6. motive and cover-up

**claim:** nasa faked the moon landings to win the space race against the soviet union and distract from domestic issues, involving a massive cover-up.

**counterpoint:** the scale of the alleged conspiracy is impractical. thousands of engineers, scientists, and technicians were involved in the apollo program, and the idea that such a large-scale conspiracy could be kept secret for decades is highly unlikely. furthermore, the success of the apollo missions was validated by independent tracking stations around the world, including those of rival nations. the physical evidence, including lunar samples and scientific experiments left on the moon, has been corroborated by numerous international scientists.

### conclusion

the moon landing conspiracy theories have been debunked through rigorous scientific analysis, historical documentation, and the testimony of experts. the evidence overwhelmingly supports the reality of the apollo missions and the achievements of the astronauts who traveled to the moon. the scientific community, historical records, and the accumulated evidence from the missions themselves confirm that the moon landings were genuine and one of humanity's greatest achievements.",_normal_person__,t3_1ezbh2v,t3,5,2024-08-24 08:42:53,"['get', 'say', 'anything', 'want', 'put', 'post', 'chatgpt', 'said', 'claim', 'moon', 'landing', 'faked', 'wellknown', 'conspiracy', 'theory', 'debunked', 'combination', 'scientific', 'evidence', 'historical', 'documentation', 'expert', 'analysis', 'here', 'detailed', 'examination', 'point', 'presented', 'story', 'incorrect', 'fluttering', 'flag', 'claim', 'flag', 'moon', 'appears', 'flutter', 'happen', 'vacuum', 'space', 'counterpoint', 'flag', 'appears', 'flutter', 'way', 'handled', 'vacuum', 'space', 'air', 'resistance', 'astronaut', 'twisted', 'flagpole', 'plant', ""flag's"", 'fabric', 'moved', 'continued', 'ripple', 'due', 'inertia', 'furthermore', 'flag', 'designed', 'horizontal', 'bar', 'keep', 'extended', 'apparent', 'fluttering', 'effect', 'consistent', ""flag's"", 'design', 'way', 'manipulated', 'absence', 'star', 'photograph', 'claim', 'absence', 'star', 'moon', 'photograph', 'suggests', 'taken', 'studio', 'controlled', 'lighting', 'counterpoint', 'reason', 'star', 'appear', 'moon', 'photograph', 'due', 'camera', 'setting', 'camera', 'used', 'lunar', 'surface', 'short', 'exposure', 'time', 'capture', 'brightly', 'lit', 'lunar', 'surface', 'astronaut', 'sunlight', 'star', 'much', 'dimmer', 'compared', 'lunar', 'surface', 'light', 'would', 'captured', 'short', 'exposure', 'setting', 'standard', 'photographic', 'principle', 'evidence', 'hoax', 'inconsistent', 'shadow', 'claim', 'shadow', 'cast', 'astronaut', 'equipment', 'seem', 'inconsistent', 'suggesting', 'multiple', 'light', 'source', 'typical', 'studio', 'counterpoint', 'apparent', 'inconsistency', 'shadow', 'due', 'uneven', 'lunar', 'surface', 'way', 'sunlight', 'interacts', 'moon', 'surface', 'covered', 'crater', 'rock', 'cause', 'shadow', 'appear', 'different', 'angle', 'additionally', 'lack', 'atmospheric', 'scattering', 'moon', 'mean', 'shadow', 'sharper', 'varied', 'earth', 'analysis', 'shadow', 'geometry', 'involved', 'support', 'authenticity', 'photo', 'deleted', 'telemetry', 'data', 'claim', 'telemetry', 'data', 'intentionally', 'deleted', 'suggesting', 'coverup', 'counterpoint', 'original', 'telemetry', 'tape', 'overwritten', 'due', 'limited', 'storage', 'capacity', 'need', 'new', 'data', 'recording', 'common', 'practice', 'time', 'part', 'deliberate', 'coverup', 'additionally', 'mission', 'data', 'telemetry', 'extensively', 'documented', 'various', 'source', 'including', 'ground', 'tracking', 'station', 'telemetry', 'report', 'mission', 'record', 'whistleblower', 'account', 'claim', 'astronaut', 'supposedly', 'provided', 'whistleblower', 'account', 'claiming', 'never', 'went', 'moon', 'counterpoint', 'credible', 'whistleblower', 'account', 'astronaut', 'twelve', 'apollo', 'moonwalkers', 'consistently', 'affirmed', 'mission', 'claim', 'astronaut', 'alleging', 'hoax', 'either', 'based', 'misunderstanding', 'deliberate', 'misinformation', 'nasa', 'space', 'agency', 'provided', 'extensive', 'evidence', 'including', 'rock', 'sample', 'telemetry', 'data', 'confirm', 'moon', 'landing', 'motive', 'coverup', 'claim', 'nasa', 'faked', 'moon', 'landing', 'win', 'space', 'race', 'soviet', 'union', 'distract', 'domestic', 'issue', 'involving', 'massive', 'coverup', 'counterpoint', 'scale', 'alleged', 'conspiracy', 'impractical', 'thousand', 'engineer', 'scientist', 'technician', 'involved', 'apollo', 'program', 'idea', 'largescale', 'conspiracy', 'could', 'kept', 'secret', 'decade', 'highly', 'unlikely', 'furthermore', 'success', 'apollo', 'mission', 'validated', 'independent', 'tracking', 'station', 'around', 'world', 'including', 'rival', 'nation', 'physical', 'evidence', 'including', 'lunar', 'sample', 'scientific', 'experiment', 'left', 'moon', 'corroborated', 'numerous', 'international', 'scientist', 'conclusion', 'moon', 'landing', 'conspiracy', 'theory', 'debunked', 'rigorous', 'scientific', 'analysis', 'historical', 'documentation', 'testimony', 'expert', 'evidence', 'overwhelmingly', 'support', 'reality', 'apollo', 'mission', 'achievement', 'astronaut', 'traveled', 'moon', 'scientific', 'community', 'historical', 'record', 'accumulated', 'evidence', 'mission', 'confirm', 'moon', 'landing', 'genuine', 'one', ""humanity's"", 'greatest', 'achievement']"
1ezbh2v,ljknty0,"listen, you guys have to stop treating these ai like they have the keys to the castle, they're just using information provided to them to come to a conclusion, you could likely convince the same ai that it did happen.",PhallicReason,t3_1ezbh2v,t3,6,2024-08-24 03:02:59,"['listen', 'guy', 'stop', 'treating', 'like', 'key', 'castle', 'using', 'information', 'provided', 'come', 'conclusion', 'could', 'likely', 'convince', 'happen']"
1ezbh2v,ljl7xet,wow an artificial unintelligent chat bot said it so it must be true,slackator,t3_1ezbh2v,t3,5,2024-08-24 04:49:32,"['wow', 'artificial', 'unintelligent', 'chat', 'bot', 'said', 'must', 'true']"
1ezbh2v,ljmzb23,"ah yes, let‚Äôs ask the ai whose entire existence is based around feeding it whatever info you want so it can mimic human interaction and ask it about questions (totally not feral conspiracy theorists) pertaining to popular conspiracy theories. 

we‚Äôll definitely crack the case!!!",TheSilentTitan,t3_1ezbh2v,t3,4,2024-08-24 11:04:11,"['yes', 'let', 'ask', 'whose', 'entire', 'existence', 'based', 'around', 'feeding', 'whatever', 'info', 'want', 'mimic', 'human', 'interaction', 'ask', 'question', 'totally', 'feral', 'conspiracy', 'theorist', 'pertaining', 'popular', 'conspiracy', 'theory', 'well', 'definitely', 'crack', 'case']"
1ezbh2v,ljkn6rz,if you can convince everyone everything in the past is a lie then you get to make up whatever history you want. george orwell 1984.,,t3_1ezbh2v,t3,8,2024-08-24 02:59:36,"['convince', 'everyone', 'everything', 'past', 'lie', 'get', 'make', 'whatever', 'history', 'want', 'george', 'orwell']"
1ezbh2v,ljkmw40,"i have heard the thing about the waving us flag.  i remember a newsman saying at the time that the top brace was made in a wavey pattern so the flag would appear to be waving.  as far as whistle blowers, please give the names of the astronauts who became whistleblowers.  this is the first time i have heard this part of the conspiracy. i have looked into this conspiracy theory and it just doesn‚Äôt hold up.  the why files recently did an episode about the moon landings and pretty much disproved all the so called evidence.  i will conclude that i have recently seen news items where amateur astronomers had successfully located the apollo landing sites. i believe a recent non-american lunar mission even took pictures.",Capital_Candle7999,t3_1ezbh2v,t3,5,2024-08-24 02:58:05,"['heard', 'thing', 'waving', 'flag', 'remember', 'newsman', 'saying', 'time', 'top', 'brace', 'made', 'wavey', 'pattern', 'flag', 'would', 'appear', 'waving', 'far', 'whistle', 'blower', 'please', 'give', 'name', 'astronaut', 'became', 'whistleblower', 'first', 'time', 'heard', 'part', 'conspiracy', 'looked', 'conspiracy', 'theory', 'doesnt', 'hold', 'file', 'recently', 'episode', 'moon', 'landing', 'pretty', 'much', 'disproved', 'called', 'evidence', 'conclude', 'recently', 'seen', 'news', 'item', 'amateur', 'astronomer', 'successfully', 'located', 'apollo', 'landing', 'site', 'believe', 'recent', 'nonamerican', 'lunar', 'mission', 'even', 'took', 'picture']"
1ezbh2v,ljjv06l,my grandfather worked on the apollo 11 return shuttle for mcdonnell douglas before it became boeing. i have a ton of his old schematics and memorabilia from the project. i‚Äôm all for conspiracies but the disbelief in the moon landings is just an echo chamber built from ignorance.,sneekypetey,t3_1ezbh2v,t3,53,2024-08-24 00:31:04,"['grandfather', 'worked', 'apollo', 'return', 'shuttle', 'mcdonnell', 'douglas', 'became', 'boeing', 'ton', 'old', 'schematic', 'memorabilia', 'project', 'conspiracy', 'disbelief', 'moon', 'landing', 'echo', 'chamber', 'built', 'ignorance']"
1ezbh2v,ljk2x91,poor ai will be unplugged,acidpro1,t3_1ezbh2v,t3,3,2024-08-24 01:13:14,"['poor', 'unplugged']"
1ezbh2v,ljklosw,ask how many r‚Äôs in strawberry,Uaquamarine,t3_1ezbh2v,t3,3,2024-08-24 02:51:49,"['ask', 'many', 'strawberry']"
1ezbh2v,ljlbmml,artificial ignoramus.,GreyofPTA,t3_1ezbh2v,t3,3,2024-08-24 05:09:37,"['artificial', 'ignoramus']"
1ezbh2v,ljlzoyc,this is like if the crazy guy on the sidewalk shouts at you that the mayor is a reptile. and then to prove if he‚Äôs right or wrong you go back and ask him again if the mayor is a reptile and then you shout ‚Äúi knew it!‚Äù when he says yes.,ShitAnalogyGuy,t3_1ezbh2v,t3,3,2024-08-24 07:20:42,"['like', 'crazy', 'guy', 'sidewalk', 'shout', 'mayor', 'reptile', 'prove', 'he', 'right', 'wrong', 'back', 'ask', 'mayor', 'reptile', 'shout', 'knew', 'say', 'yes']"
1ezbh2v,ljm58ct,"we all know how ""ai"" works right?

it's not tapped into any kind of *secret* info we're being kept from. it's responses are generated completely based off content that is oftentimes stolen from the internet.

considering the name of this llm alone, it seems pretty easy to guess what kind of content the devs have fed through it.

if we start using llms as proof of anything, we become as big of clowns as the 'i know it's true because god told me' crowd",Jay_mi,t3_1ezbh2v,t3,3,2024-08-24 07:53:22,"['know', 'work', 'right', 'tapped', 'kind', 'secret', 'info', 'kept', 'response', 'generated', 'completely', 'based', 'content', 'oftentimes', 'stolen', 'internet', 'considering', 'name', 'llm', 'alone', 'seems', 'pretty', 'easy', 'guess', 'kind', 'content', 'devs', 'fed', 'start', 'using', 'llm', 'proof', 'anything', 'become', 'big', 'clown', 'know', 'true', 'god', 'told', 'crowd']"
1ezbh2v,ljmdbdc,this moon landing bs is nuts!  of course we were there.  then we found the transformers and said fuck that and went home!,JesseJ3D,t3_1ezbh2v,t3,3,2024-08-24 08:43:02,"['moon', 'landing', 'nut', 'course', 'found', 'transformer', 'said', 'fuck', 'went', 'home']"
1ezbh2v,ljmi5n6,"read up on how transformer models work and you'll see why trusting anything an ai chatbot says (at least without further research) is silly.

it has no idea what it's saying, it's just using it's training data to string all the words and patterns it knows into a coherent sentence.",TheGHere,t3_1ezbh2v,t3,3,2024-08-24 09:12:45,"['read', 'transformer', 'model', 'work', 'see', 'trusting', 'anything', 'chatbot', 'say', 'least', 'without', 'research', 'silly', 'idea', 'saying', 'using', 'training', 'data', 'string', 'word', 'pattern', 'know', 'coherent', 'sentence']"
1ezbh2v,ljmjgh9,"you know that ai combs through most relevant search results, right? and often times shares erroneous (even contradicting) information. this is about as bad as depending on google to translate.",Errkin,t3_1ezbh2v,t3,3,2024-08-24 09:20:53,"['know', 'comb', 'relevant', 'search', 'result', 'right', 'often', 'time', 'share', 'erroneous', 'even', 'contradicting', 'information', 'bad', 'depending', 'google', 'translate']"
1ezbh2v,ljka9a7,the real conspiracy is that the fake moon landing conspiracy is a russian psyop started decades ago to diminish national pride by making the population question one of the usa's greatest accomplishments. it's much easier to defeat an enemy whose citizens don't care enough to fight back.,Scooterspies,t3_1ezbh2v,t3,22,2024-08-24 01:51:40,"['real', 'conspiracy', 'fake', 'moon', 'landing', 'conspiracy', 'russian', 'psyop', 'started', 'decade', 'ago', 'diminish', 'national', 'pride', 'making', 'population', 'question', 'one', ""usa's"", 'greatest', 'accomplishment', 'much', 'easier', 'defeat', 'enemy', 'whose', 'citizen', 'care', 'enough', 'fight', 'back']"
1ezbh2v,ljkb1hc,comment on visible stars is false. the sun blocks stars from being visible unless you are on the dark side of the moon. but even then due to the smaller size of the moon most stars still would not be visible.,PM_ME_SHYVANA_PLS,t3_1ezbh2v,t3,10,2024-08-24 01:55:41,"['comment', 'visible', 'star', 'false', 'sun', 'block', 'star', 'visible', 'unless', 'dark', 'side', 'moon', 'even', 'due', 'smaller', 'size', 'moon', 'star', 'still', 'would', 'visible']"
1ezbh2v,ljl1r4t,"uncensored ai is a hilarious phrase. ai is artificial, it's right there in the name. there's nothing to censor. it's just internet word vomit, no actual speech involved.

it was the height of the cold war. it the united states faked the moon landing, russia would have exposed the plot. there is plenty of proof that man has walked on the moon.",Minglewoodlost,t3_1ezbh2v,t3,5,2024-08-24 04:16:22,"['uncensored', 'hilarious', 'phrase', 'artificial', 'right', 'name', ""there's"", 'nothing', 'censor', 'internet', 'word', 'vomit', 'actual', 'speech', 'involved', 'height', 'cold', 'war', 'united', 'state', 'faked', 'moon', 'landing', 'russia', 'would', 'exposed', 'plot', 'plenty', 'proof', 'man', 'walked', 'moon']"
1ezbh2v,ljml40k,"that‚Äôs not logical. if the soviet union knew the usa didn‚Äôt land on the moon, they would have done their best to prove that it was all fake.",manylittlestorms,t3_1ezbh2v,t3,5,2024-08-24 09:31:16,"['thats', 'logical', 'soviet', 'union', 'knew', 'usa', 'didnt', 'land', 'moon', 'would', 'done', 'best', 'prove', 'fake']"
1ezbh2v,ljmk7jp,"too bad its points are stupid and debunked

-> the flag didn't ""blow"", it swayed in a way that looked peculiar simply because there is no air to ""blow"" on it

-> the lack of stars is because of the exposure value of the light sources. anyone who even dabbles in photography can can understands the grayscale as it relates to your ""stop"" values and how less bright objects are pushed off the scale and will not appear in your photograph.

stupid.",,t3_1ezbh2v,t3,3,2024-08-24 09:25:34,"['bad', 'point', 'stupid', 'debunked', 'flag', 'blow', 'swayed', 'way', 'looked', 'peculiar', 'simply', 'air', 'blow', 'lack', 'star', 'exposure', 'value', 'light', 'source', 'anyone', 'even', 'dabbles', 'photography', 'understands', 'grayscale', 'relates', 'stop', 'value', 'le', 'bright', 'object', 'pushed', 'scale', 'appear', 'photograph', 'stupid']"
1ezbh2v,ljl5tj2,"omg these arguments have been debunked over and over! to people who don‚Äôt like reading, dave mckeegan makes youtube videos with a lot of these debunks arguments. he is an experienced professional photographer with mathematical and technical competence. they are substantially more obviously correct than all the vague, hand wavey landings-were-faked arguments like in the original post.

shadows: can be replicated on earth with uneven terrain. flag: specially designed flag to not droop + momentum. deleted data: no conspiracy, live low-res tv footage was not all retained as it was deemed ephemeral which was commonplace for the era, raw telemetry data was large, similarly ephemeral, not very useful, and hard to store in the 60s and 70s. whistleblower astronauts: simply false.",smallduck,t3_1ezbh2v,t3,5,2024-08-24 04:38:09,"['omg', 'argument', 'debunked', 'people', 'dont', 'like', 'reading', 'dave', 'mckeegan', 'make', 'youtube', 'video', 'lot', 'debunks', 'argument', 'experienced', 'professional', 'photographer', 'mathematical', 'technical', 'competence', 'substantially', 'obviously', 'correct', 'vague', 'hand', 'wavey', 'landingswerefaked', 'argument', 'like', 'original', 'post', 'shadow', 'replicated', 'earth', 'uneven', 'terrain', 'flag', 'specially', 'designed', 'flag', 'droop', 'momentum', 'deleted', 'data', 'conspiracy', 'live', 'lowres', 'footage', 'retained', 'deemed', 'ephemeral', 'commonplace', 'era', 'raw', 'telemetry', 'data', 'large', 'similarly', 'ephemeral', 'useful', 'hard', 'store', 'whistleblower', 'astronaut', 'simply', 'false']"
1ezbh2v,ljlgbpn,"answer from another ai a decent one: the moon landing was real, not staged. the apollo 11 mission in 1969, where neil armstrong and buzz aldrin became the first humans to walk on the moon, is backed by overwhelming evidence. this includes photos, videos, moon rock samples, independent tracking of the mission by other countries, and the testimonies of thousands of people involved in the mission.

conspiracy theories claiming it was staged have been debunked many times. experts have shown that many of the ‚Äúevidence‚Äù presented by conspiracy theorists, like the behavior of shadows or the waving of the flag, are easily explained by physics.",CompetitiveFactor278,t3_1ezbh2v,t3,5,2024-08-24 05:35:18,"['answer', 'another', 'decent', 'one', 'moon', 'landing', 'real', 'staged', 'apollo', 'mission', 'neil', 'armstrong', 'buzz', 'aldrin', 'became', 'first', 'human', 'walk', 'moon', 'backed', 'overwhelming', 'evidence', 'includes', 'photo', 'video', 'moon', 'rock', 'sample', 'independent', 'tracking', 'mission', 'country', 'testimony', 'thousand', 'people', 'involved', 'mission', 'conspiracy', 'theory', 'claiming', 'staged', 'debunked', 'many', 'time', 'expert', 'shown', 'many', 'evidence', 'presented', 'conspiracy', 'theorist', 'like', 'behavior', 'shadow', 'waving', 'flag', 'easily', 'explained', 'physic']"
1ezbh2v,ljjmt0u,"i don‚Äôt believe we went to the moon (well, i‚Äôm like 95% sure we didn‚Äôt), but the fluttering flag was debunked. it was on an extension rod that popped out to hold the flag up.",whothennow24,t3_1ezbh2v,t3,7,2024-08-23 23:45:31,"['dont', 'believe', 'went', 'moon', 'well', 'like', 'sure', 'didnt', 'fluttering', 'flag', 'debunked', 'extension', 'rod', 'popped', 'hold', 'flag']"
1ezbh2v,ljkgy7i,[removed],,t3_1ezbh2v,t3,10,2024-08-24 02:26:47,['removed']
1ezbh2v,ljkfgjl,"lol, i wonder where they get the training data from.",nicholas19karr,t3_1ezbh2v,t3,2,2024-08-24 02:18:58,"['lol', 'wonder', 'get', 'training', 'data']"
1ezbh2v,ljkjygn,"it's not the question they should be asking. what, specifically, did they find there? 842 pounds of rocks brought back on a very weight sensitive spacecraft, for starters...[scientists found caves on the moon from 14 year old data](http://science.nasa.gov/solar-system/new-evidence-adds-to-findings-hinting-at-network-of-caves-on-moon/)",Vincent_VanGoGo,t3_1ezbh2v,t3,2,2024-08-24 02:42:44,"['question', 'asking', 'specifically', 'find', 'pound', 'rock', 'brought', 'back', 'weight', 'sensitive', 'spacecraft', 'startersscientists', 'found', 'cave', 'moon', 'year', 'old', 'data']"
1ezbh2v,ljlff1t,"ask it if planes actually hit the twin towers.

i suspect that it‚Äôll claim that they didn‚Äôt.",whatevers_cleaver_,t3_1ezbh2v,t3,2,2024-08-24 05:30:14,"['ask', 'plane', 'actually', 'hit', 'twin', 'tower', 'suspect', 'itll', 'claim', 'didnt']"
1ezbh2v,ljlkug9,damn if uncensored.ai said it then it‚Äôs 101% true,,t3_1ezbh2v,t3,2,2024-08-24 05:59:49,"['damn', 'uncensoredai', 'said', 'true']"
1ezbh2v,ljlvfrb,had a bad direction üòÇ,TechnicalArchitect_7,t3_1ezbh2v,t3,2,2024-08-24 06:57:05,"['bad', 'direction']"
1ezbh2v,ljm360i,"we have been to the moon many times and not just usa.

there‚Äôs a flag there and also satellites on the moon",zombiepoon,t3_1ezbh2v,t3,2,2024-08-24 07:40:45,"['moon', 'many', 'time', 'usa', 'there', 'flag', 'also', 'satellite', 'moon']"
1ezbh2v,ljmxwzz,there are satellite pictures of the landing sites. there are several active satellites around the moon currently. you can get decent resolution pictures that show the landing section of the lem that was left behind as well as cameras and the flag.,Heeey_Hermano,t3_1ezbh2v,t3,2,2024-08-24 10:54:43,"['satellite', 'picture', 'landing', 'site', 'several', 'active', 'satellite', 'around', 'moon', 'currently', 'get', 'decent', 'resolution', 'picture', 'show', 'landing', 'section', 'lem', 'left', 'behind', 'well', 'camera', 'flag']"
1ezbh2v,ljmz9hp,[deleted],,t3_1ezbh2v,t3,2,2024-08-24 11:03:52,['deleted']
1ezbh2v,ljnratd,"i believe we did land, but i'm not entirely convinced that the footage we saw was filmed on the moon.",TheLobstrosity,t3_1ezbh2v,t3,2,2024-08-24 14:32:42,"['believe', 'land', 'entirely', 'convinced', 'footage', 'saw', 'filmed', 'moon']"
1ezbh2v,ljo9sos,"ive always figured we have of course gone, theyve just lied/withheld info about what really happened and used a hollywood moon production in its place.",,t3_1ezbh2v,t3,2,2024-08-24 17:42:46,"['ive', 'always', 'figured', 'course', 'gone', 'theyve', 'liedwithheld', 'info', 'really', 'happened', 'used', 'hollywood', 'moon', 'production', 'place']"
1ezbh2v,ljo9tsr,weird how i stumbled on this post right at the moment it has 666 likes and 666 comments,dim-mak-ufo,t3_1ezbh2v,t3,2,2024-08-24 17:43:07,"['weird', 'stumbled', 'post', 'right', 'moment', 'like', 'comment']"
1ezbh2v,ljqjmrq,"we didn't go to the moon though, just sayin..",CovidShmovid19,t3_1ezbh2v,t3,2,2024-08-25 03:55:27,"['moon', 'though', 'sayin']"
1ezbh2v,ljjjdeg,we couldn't build a car that would go 100k back then and the rabbit ears on my parents tv couldn't get a good signal from the city 20 miles away. pretty much all i need to know. everything's a lie and people still tribing up on this two party system.  duh.,Civil-Song7416,t3_1ezbh2v,t3,19,2024-08-23 23:25:01,"['build', 'car', 'would', 'back', 'rabbit', 'ear', 'parent', 'get', 'good', 'signal', 'city', 'mile', 'away', 'pretty', 'much', 'need', 'know', ""everything's"", 'lie', 'people', 'still', 'tribing', 'two', 'party', 'system', 'duh']"
1ezbh2v,ljjg6nx,"no, we have not. and there are a dozen other clues that we didn't. such as when they forgot to wait two seconds before responding. pull up the audio recordings jamie.",OnlyCommentWhenTipsy,t3_1ezbh2v,t3,20,2024-08-23 23:05:26,"['dozen', 'clue', 'forgot', 'wait', 'two', 'second', 'responding', 'pull', 'audio', 'recording', 'jamie']"
1ezbh2v,ljl4xjk,the real conspiracy is where all the money went for developing the technology to land on the moon.,,t3_1ezbh2v,t3,6,2024-08-24 04:33:26,"['real', 'conspiracy', 'money', 'went', 'developing', 'technology', 'land', 'moon']"
1ezbh2v,ljjkupy,"if we didn't, any of the other countries keeping an eye on events would have spoken up. especially the ussr. 

[here](https://www.youtube.com/watch?v=_ml2zyyfoni) are some vfx artists giving their opinion on the footage.",wakeupwill,t3_1ezbh2v,t3,13,2024-08-23 23:33:54,"['country', 'keeping', 'eye', 'event', 'would', 'spoken', 'especially', 'ussr', 'vfx', 'artist', 'giving', 'opinion', 'footage']"
1ezbh2v,ljlcjdg,"the flag thing has been asked an answered, so has the lack of stars in there imagery. all explained. 

this is really getting at the heart of llms flaws‚Ä¶they use massive amounts of data and you can‚Äôt get 100% flawless data that doesn‚Äôt include bulll shit. and we have yet to invent a llm that is connecting all the dots to form coherent thoughts with bulletproof logic.",MarquisDeBoston,t3_1ezbh2v,t3,2,2024-08-24 05:14:35,"['flag', 'thing', 'asked', 'answered', 'lack', 'star', 'imagery', 'explained', 'really', 'getting', 'heart', 'llm', 'flawsthey', 'use', 'massive', 'amount', 'data', 'cant', 'get', 'flawless', 'data', 'doesnt', 'include', 'bulll', 'shit', 'yet', 'invent', 'llm', 'connecting', 'dot', 'form', 'coherent', 'thought', 'bulletproof', 'logic']"
1ezbh2v,ljl1lty,"is anyone dumb enough to believe the rest of the world, including our adversaries, would just go along with the lie? russia would have called that shit out the second it was released.",Late_Emu,t3_1ezbh2v,t3,4,2024-08-24 04:15:36,"['anyone', 'dumb', 'enough', 'believe', 'rest', 'world', 'including', 'adversary', 'would', 'along', 'lie', 'russia', 'would', 'called', 'shit', 'second', 'released']"
1ezbh2v,ljklscm,i think a lot people confuse what ai actually is. it‚Äôs not really artificial intelligence. it is a large language model (llm) that is fed shit tons of data. you ask it a question and it spits out human sounding replies.,Square-Practice2345,t3_1ezbh2v,t3,3,2024-08-24 02:52:19,"['think', 'lot', 'people', 'confuse', 'actually', 'really', 'artificial', 'intelligence', 'large', 'language', 'model', 'llm', 'fed', 'shit', 'ton', 'data', 'ask', 'question', 'spit', 'human', 'sounding', 'reply']"
1ezbh2v,ljkvok9,"during the time of the space race, the us was flooded with kgb spies. if the us faked the moon landing, the ussr would have known about it and exposed it",1tiredman,t3_1ezbh2v,t3,3,2024-08-24 03:44:17,"['time', 'space', 'race', 'flooded', 'kgb', 'spy', 'faked', 'moon', 'landing', 'ussr', 'would', 'known', 'exposed']"
1ezbh2v,ljl5os3,"we did. russia monitored each mission that we made to the moon. if we faked it, they would have stated so a long time ago. they weren‚Äôt our allies and were in a cold war with them. 

there were over 400k people that worked on the project and again, if it was faked, someone would have came out decades ago to say it was faked. 

the technology to pull off faking was beyond are capabilities at the time. it was easier to actually go to the moon than fake it. 

grab a telescope and you can see the landing zones and the tire tracks to this day. there‚Äôs no wind to erase them.",TwistedMemories,t3_1ezbh2v,t3,2,2024-08-24 04:37:27,"['russia', 'monitored', 'mission', 'made', 'moon', 'faked', 'would', 'stated', 'long', 'time', 'ago', 'werent', 'ally', 'cold', 'war', 'people', 'worked', 'project', 'faked', 'someone', 'would', 'came', 'decade', 'ago', 'say', 'faked', 'technology', 'pull', 'faking', 'beyond', 'capability', 'time', 'easier', 'actually', 'moon', 'fake', 'grab', 'telescope', 'see', 'landing', 'zone', 'tire', 'track', 'day', 'there', 'wind', 'erase']"
1ezbh2v,ljjr5ae,"‚Äúfluttering flag‚Äù ‚Ä¶ as if there‚Äôs wind in a studio room. it‚Äôs has a metal wire mesh in it.

some astronauts admit to never having been to the moon, but are those people astronauts previously claimed to have gone to the moon. if so, which ones?

the greatest deception in history was people accepting victimhood (cough cough ww2)",Silly-Stand4470,t3_1ezbh2v,t3,4,2024-08-24 00:09:58,"['fluttering', 'flag', 'there', 'wind', 'studio', 'room', 'metal', 'wire', 'mesh', 'astronaut', 'admit', 'never', 'moon', 'people', 'astronaut', 'previously', 'claimed', 'gone', 'moon', 'one', 'greatest', 'deception', 'history', 'people', 'accepting', 'victimhood', 'cough', 'cough']"
1ezbh2v,ljjx4fc,we went to the moon. more than once.,tdfolts,t3_1ezbh2v,t3,2,2024-08-24 00:42:29,"['went', 'moon']"
1ezbh2v,ljjxdcb,the level of tech in the past it would be cheaper to send someone to the moon then try to fake it in hollywood in the tech back on the day. the lighting alone to get those straight shadows would cost millions of dollars.,Imaginary_Unit5109,t3_1ezbh2v,t3,5,2024-08-24 00:43:48,"['level', 'tech', 'past', 'would', 'cheaper', 'send', 'someone', 'moon', 'try', 'fake', 'hollywood', 'tech', 'back', 'day', 'lighting', 'alone', 'get', 'straight', 'shadow', 'would', 'cost', 'million', 'dollar']"
1ezbh2v,ljkbcwj,"the ""fluttering flag"" wasn't fluttering - it was made with wire and it was folded up during transport the ""waving"" was just the crease in the wire. this at least was easily explained. the other pieces of ""evidence"" still need debunking. 


2001 a space odyssey-> truly if you've watched it, will make you question the moon landing because the film is insanely well done. they used real footage of space in the movie  and it is super trippy. 

if you haven't seen it yet, run don't walk- it's a crazy film, i kind of loved it. it really sticks with you as far as imagery",w1ndyshr1mp,t3_1ezbh2v,t3,2,2024-08-24 01:57:20,"['fluttering', 'flag', 'fluttering', 'made', 'wire', 'folded', 'transport', 'waving', 'crease', 'wire', 'least', 'easily', 'explained', 'piece', 'evidence', 'still', 'need', 'debunking', 'space', 'odyssey', 'truly', 'watched', 'make', 'question', 'moon', 'landing', 'film', 'insanely', 'well', 'done', 'used', 'real', 'footage', 'space', 'movie', 'super', 'trippy', 'seen', 'yet', 'run', 'walk', 'crazy', 'film', 'kind', 'loved', 'really', 'stick', 'far', 'imagery']"
1ezbh2v,ljkqhqn,"i personally know the guy who worked on the apollo 11 mission and invented the space toilet. he‚Äôs a legend. i mean, i want to believe he‚Äôs not making it up, he tells very interesting stories about the invention process. (i know this sounds like a lie, but i work for a museum where he comes in and does lectures.)",FruitBat676,t3_1ezbh2v,t3,2,2024-08-24 03:16:58,"['personally', 'know', 'guy', 'worked', 'apollo', 'mission', 'invented', 'space', 'toilet', 'he', 'legend', 'mean', 'want', 'believe', 'he', 'making', 'tell', 'interesting', 'story', 'invention', 'process', 'know', 'sound', 'like', 'lie', 'work', 'museum', 'come', 'lecture']"
1ezbh2v,ljksbik,fuck ai and fuck da moon,Select-Net7381,t3_1ezbh2v,t3,2,2024-08-24 03:26:34,"['fuck', 'fuck', 'moon']"
1ezbh2v,ljlbuvr,"those first two points are easily proven false, and how do you explain the multiple other countries orbiting satellites that have pictures of the landing sites and tracks in the surface?",Arayder,t3_1ezbh2v,t3,2,2024-08-24 05:10:52,"['first', 'two', 'point', 'easily', 'proven', 'false', 'explain', 'multiple', 'country', 'orbiting', 'satellite', 'picture', 'landing', 'site', 'track', 'surface']"
1ezbh2v,ljldpn9,op is more of a bot than the bot they asked the question to,Michaelskywalker,t3_1ezbh2v,t3,2,2024-08-24 05:20:54,"['bot', 'bot', 'asked', 'question']"
1ezbh2v,ljlrvci,"it actually said ""inconsistent shadows suggesting multiple light sources""??????

no that would make multiple shadows not ""inconsistent"" shadows.... wow",MikelDP,t3_1ezbh2v,t3,2,2024-08-24 06:37:52,"['actually', 'said', 'inconsistent', 'shadow', 'suggesting', 'multiple', 'light', 'source', 'would', 'make', 'multiple', 'shadow', 'inconsistent', 'shadow', 'wow']"
1ezbh2v,ljmys1n,"bullshit. does anyone seriously  think the soviets would have let us get away with it. they were technologically in parity with the us at that time. they had tracking telescopes, radars, and most importantly, human spies at all levels of the us government.  they would have screamed to high heaven if we had tried. tired of the lunatic saying we didn't go!",Electronic-Ad-8120,t3_1ezbh2v,t3,2,2024-08-24 11:00:33,"['bullshit', 'anyone', 'seriously', 'think', 'soviet', 'would', 'let', 'get', 'away', 'technologically', 'parity', 'time', 'tracking', 'telescope', 'radar', 'importantly', 'human', 'spy', 'level', 'government', 'would', 'screamed', 'high', 'heaven', 'tried', 'tired', 'lunatic', 'saying']"
1ezbh2v,ljnpjd2,there‚Äôs photos from other countries that show our old rover..unless you think india is in on it..,Confused_Nomad777,t3_1ezbh2v,t3,2,2024-08-24 14:17:31,"['there', 'photo', 'country', 'show', 'old', 'roverunless', 'think', 'india']"
1ezbh2v,ljk0aon,there is a spring on the back side of the flag to hold it out and give visible flapping,rjezus,t3_1ezbh2v,t3,2,2024-08-24 00:59:13,"['spring', 'back', 'side', 'flag', 'hold', 'give', 'visible', 'flapping']"
1ezbh2v,ljkbil8,never trust ai. now i officially know the us did land on the moon. 100% confirmed¬†,RosieWild,t3_1ezbh2v,t3,2,2024-08-24 01:58:09,"['never', 'trust', 'officially', 'know', 'land', 'moon', 'confirmed']"
1ezbh2v,ljkbj43,[removed],,t3_1ezbh2v,t3,0,2024-08-24 01:58:14,['removed']
1ezbh2v,ljkmbq5,"the best rule of thumb for conspiracy theories is ""did more than 10 people need to be involved"". if the answer is yes, then it likely happened.",AG74683,t3_1ezbh2v,t3,2,2024-08-24 02:55:09,"['best', 'rule', 'thumb', 'conspiracy', 'theory', 'people', 'need', 'involved', 'answer', 'yes', 'likely', 'happened']"
1ezbh2v,ljkmrvr,"oh, you think the moon exists?",StriKyleder,t3_1ezbh2v,t3,3,2024-08-24 02:57:28,"['think', 'moon', 'exists']"
1ezbh2v,ljkq4pa,"weird i just got this from the same thing‚Ä¶

‚Äúyes, the moon landing did happen. the first successful manned moon landing was on july 20, 1969, when nasa‚Äôs apollo 11 mission successfully landed astronauts neil armstrong and buzz aldrin on the lunar surface. neil armstrong became the first human to set foot on the moon, followed by buzz aldrin. the mission was a significant achievement in the space race and remains one of the most remarkable accomplishments in human history.‚Äù

can we go back to talking about bigfoot and aliens please?",Wizzle_Pizzle_420,t3_1ezbh2v,t3,2,2024-08-24 03:15:04,"['weird', 'got', 'thing', 'yes', 'moon', 'landing', 'happen', 'first', 'successful', 'manned', 'moon', 'landing', 'july', 'nasa', 'apollo', 'mission', 'successfully', 'landed', 'astronaut', 'neil', 'armstrong', 'buzz', 'aldrin', 'lunar', 'surface', 'neil', 'armstrong', 'became', 'first', 'human', 'set', 'foot', 'moon', 'followed', 'buzz', 'aldrin', 'mission', 'significant', 'achievement', 'space', 'race', 'remains', 'one', 'remarkable', 'accomplishment', 'human', 'history', 'back', 'talking', 'bigfoot', 'alien', 'please']"
1ezbh2v,ljljcsm,we did not.,blueangel1953,t3_1ezbh2v,t3,3,2024-08-24 05:51:49,[]
1ezbh2v,ljn61lm,"the moon landing is one of the most well-documented and scientifically validated events in history. the apollo missions, particularly apollo 11, are supported by overwhelming evidence, including photographs, rock samples, and telemetry data. additionally, thousands of engineers, scientists, and astronauts worked on the missions, making it highly unlikely that such an event could have been faked without someone coming forward with credible evidence.

conspiracy theories about the moon landing being faked often hinge on misunderstandings or misinterpretations of the evidence. for instance, arguments about shadows in photos, the lack of stars in the sky, or the behavior of the flag have all been debunked by experts in photography, physics, and space science.

is there a particular aspect of the moon landing you find questionable? i could help clarify any doubts you might have.

-chatgpt",DodginInflation,t3_1ezbh2v,t3,2,2024-08-24 11:50:51,"['moon', 'landing', 'one', 'welldocumented', 'scientifically', 'validated', 'event', 'history', 'apollo', 'mission', 'particularly', 'apollo', 'supported', 'overwhelming', 'evidence', 'including', 'photograph', 'rock', 'sample', 'telemetry', 'data', 'additionally', 'thousand', 'engineer', 'scientist', 'astronaut', 'worked', 'mission', 'making', 'highly', 'unlikely', 'event', 'could', 'faked', 'without', 'someone', 'coming', 'forward', 'credible', 'evidence', 'conspiracy', 'theory', 'moon', 'landing', 'faked', 'often', 'hinge', 'misunderstanding', 'misinterpretation', 'evidence', 'instance', 'argument', 'shadow', 'photo', 'lack', 'star', 'sky', 'behavior', 'flag', 'debunked', 'expert', 'photography', 'physic', 'space', 'science', 'particular', 'aspect', 'moon', 'landing', 'find', 'questionable', 'could', 'help', 'clarify', 'doubt', 'might', 'chatgpt']"
1ezbh2v,ljl09v6,"fuck, if only we had landed on the moon six separate times‚Ä¶ üôÑ

come on guys, this is a uniquely dumb conspiracy.",CloverAntics,t3_1ezbh2v,t3,2,2024-08-24 04:08:31,"['fuck', 'landed', 'moon', 'six', 'separate', 'time', 'come', 'guy', 'uniquely', 'dumb', 'conspiracy']"
1ezbh2v,ljjjw7y,show me a recent photo of the landing sites and i‚Äôll believe it.,Substantial_Diver_34,t3_1ezbh2v,t3,1,2024-08-23 23:28:07,"['show', 'recent', 'photo', 'landing', 'site', 'ill', 'believe']"
1ezbh2v,ljkksbn,is there any concrete evidence that moon landing was fake?,Notserious-Muzakir,t3_1ezbh2v,t3,1,2024-08-24 02:47:06,"['concrete', 'evidence', 'moon', 'landing', 'fake']"
1ezbh2v,ljkn0mo,can't we actually see the landing sight with a powerful telescope?,6nayG,t3_1ezbh2v,t3,1,2024-08-24 02:58:44,"[""can't"", 'actually', 'see', 'landing', 'sight', 'powerful', 'telescope']"
1ezbh2v,ljlbngs,ask it about aliens,Volitious,t3_1ezbh2v,t3,1,2024-08-24 05:09:45,"['ask', 'alien']"
1ezbh2v,ljlgjwg,i believe there is often confusion when people pose this question. the possibility of the moon landing being staged can lead to a tangled web of doubt when considering other legitimate landings that have taken place secretly.,RadiantWarden,t3_1ezbh2v,t3,1,2024-08-24 05:36:33,"['believe', 'often', 'confusion', 'people', 'pose', 'question', 'possibility', 'moon', 'landing', 'staged', 'lead', 'tangled', 'web', 'doubt', 'considering', 'legitimate', 'landing', 'taken', 'place', 'secretly']"
1ezbh2v,ljlkhxj,well that‚Äôs a screenshot,Emandpee42069,t3_1ezbh2v,t3,1,2024-08-24 05:57:57,"['well', 'thats', 'screenshot']"
1ezbh2v,ljlzdkh,"tinfoil hat ai, eh?",Sitheral,t3_1ezbh2v,t3,1,2024-08-24 07:18:55,"['tinfoil', 'hat']"
1ezbh2v,ljm1u7h,this is one of those things that i yhink actually happened. what‚Äôs the point in spending that much money when it‚Äôs the same to actually go to the moon? maybe i need more info but the anti-moon argument isn‚Äôt too convincing right now.,Donald-n-Dougie,t3_1ezbh2v,t3,1,2024-08-24 07:33:03,"['one', 'thing', 'yhink', 'actually', 'happened', 'whats', 'point', 'spending', 'much', 'money', 'actually', 'moon', 'maybe', 'need', 'info', 'antimoon', 'argument', 'isnt', 'convincing', 'right']"
1ezbh2v,ljm6etv,lmao bro go talk to some children,nikkifromage,t3_1ezbh2v,t3,1,2024-08-24 08:00:26,"['lmao', 'bro', 'talk', 'child']"
1ezbh2v,ljmt19l,"we went to the moon in a ufo, not a spaceship, can't show that to the public.",zohan412,t3_1ezbh2v,t3,1,2024-08-24 10:22:18,"['went', 'moon', 'ufo', 'spaceship', ""can't"", 'show', 'public']"
1ezbh2v,ljmwy4w,i'm fine with this answer,,t3_1ezbh2v,t3,1,2024-08-24 10:48:12,"['fine', 'answer']"
1ezbh2v,ljmy7dt,where do you access this model?,Commercial-Penalty-7,t3_1ezbh2v,t3,1,2024-08-24 10:56:39,"['access', 'model']"
1ezbh2v,ljn32xx,nope.,sunflower__fields,t3_1ezbh2v,t3,1,2024-08-24 11:30:09,['nope']
1ezbh2v,ljn5xqp,"there‚Äôs pretty good explanation for a lot of those points. the flag was ‚Äúfluttering‚Äù because it was still vibrating from being moved and planted. the shadows and lack of stars have the same explanation, the moon is reflective. having light around, even if reflected light, drowns out starts, even in almost non existent atmosphere. 


nasa is sketchy though. and they ‚Äúlose things‚Äù a lot. and do dr photos. and there is evidence we may not have exited our atmosphere/got past the asteroid belt. i‚Äôm however more inclined to believe the hollow moon theory if i was going to believe any of it.",MoonWillow91,t3_1ezbh2v,t3,1,2024-08-24 11:50:06,"['there', 'pretty', 'good', 'explanation', 'lot', 'point', 'flag', 'fluttering', 'still', 'vibrating', 'moved', 'planted', 'shadow', 'lack', 'star', 'explanation', 'moon', 'reflective', 'light', 'around', 'even', 'reflected', 'light', 'drowns', 'start', 'even', 'almost', 'non', 'existent', 'atmosphere', 'nasa', 'sketchy', 'though', 'lose', 'thing', 'lot', 'photo', 'evidence', 'may', 'exited', 'atmospheregot', 'past', 'asteroid', 'belt', 'however', 'inclined', 'believe', 'hollow', 'moon', 'theory', 'going', 'believe']"
1ezbh2v,ljn868o,well that settles it once and for all.,fractalspace,t3_1ezbh2v,t3,1,2024-08-24 12:05:50,"['well', 'settle']"
1ezbh2v,ljn9oxd,lol,DiscoBiscuits13,t3_1ezbh2v,t3,1,2024-08-24 12:16:29,['lol']
1ezbh2v,ljnblh0,"ai is the new ""don't believe everything you read on the internet """,Embarrassed_Brick_34,t3_1ezbh2v,t3,1,2024-08-24 12:29:57,"['new', 'believe', 'everything', 'read', 'internet']"
1ezbh2v,ljndq9h,"""space is fake and gay""",INeedYourHelpFrank,t3_1ezbh2v,t3,1,2024-08-24 12:45:16,"['space', 'fake', 'gay']"
1ezbh2v,ljng8je,"bruh, go play some league",DeliciousBadger,t3_1ezbh2v,t3,1,2024-08-24 13:03:31,"['bruh', 'play', 'league']"
1ezbh2v,ljnk2mm,"i mean the first landing is debatable, but i‚Äôm pretty sure we‚Äôve been to the moon a couple times by now.",Xyoyogod,t3_1ezbh2v,t3,1,2024-08-24 13:32:47,"['mean', 'first', 'landing', 'debatable', 'pretty', 'sure', 'weve', 'moon', 'couple', 'time']"
1ezbh2v,ljnlkgv,"humans no, anounaki yes",,t3_1ezbh2v,t3,1,2024-08-24 13:44:44,"['human', 'anounaki', 'yes']"
